Tarih;Tutar;Aciklama;Referans
2026-08-03;-1250.00;OFIS TEMIZLIK HIZMETI;REF20260803001
2026-08-05;-18500.00;ISYERI KIRA ODEMESI AGUSTOS;REF20260805002
2026-08-07;9400.00;GELEN HAVALE - OKUL KOOPERATIFI;REF20260807003
2026-08-11;-2260.00;AKARYAKIT ORNEK PETROL;REF20260811004
2026-08-14;-980.50;INTERNET VE TELEFON;REF20260814005
2026-08-18;12750.00;POS GUN SONU AKTARIMI;REF20260818006
2026-08-21;-4100.00;TOPTAN KAGIT ALIMI;REF20260821007
2026-08-24;-1590.00;SGK PRIM ODEMESI;REF20260824008
2026-08-26;-7500.00;EFT - ORNEK TOPTAN KAGIT;REF20260826009
2026-08-28;3300.00;GELEN HAVALE - MAHALLE KIRTASIYE;REF20260828010
